"","cost1","cost2","target_closed_fraction","replicate","metadata","total_length","euclidean","sinuosity","total_cost"
"1",1,1.5,0.6,1,"targ0.6_cl_size5_r_size5targ0.7_cl_size5_r_size5targ0.8_cl_size5_r_size5targ0.9_cl_size5_r_size5",99.39696961967,91.3016976841066,1.08866507568755,4476.55509756897
"2",1,2,0.6,1,"targ0.6_cl_size5_r_size5targ0.7_cl_size5_r_size5targ0.8_cl_size5_r_size5targ0.9_cl_size5_r_size5",106.195959492893,98.4936546179499,1.07820102629779,8862.93693291188
"3",1,4,0.6,1,"targ0.6_cl_size5_r_size5targ0.7_cl_size5_r_size5targ0.8_cl_size5_r_size5targ0.9_cl_size5_r_size5",143.610173055266,119.519872824564,1.2015589513391,11270.5617833911
"4",1,1.5,0.7,1,"targ0.6_cl_size5_r_size5targ0.7_cl_size5_r_size5targ0.8_cl_size5_r_size5targ0.9_cl_size5_r_size5",90.953318805774,86.6833317310773,1.04925960953997,3903.88925985974
"5",1,2,0.7,1,"targ0.6_cl_size5_r_size5targ0.7_cl_size5_r_size5targ0.8_cl_size5_r_size5targ0.9_cl_size5_r_size5",98.9116882454314,87.9317917479224,1.12486833577764,5009.42224331707
"6",1,4,0.7,1,"targ0.6_cl_size5_r_size5targ0.7_cl_size5_r_size5targ0.8_cl_size5_r_size5targ0.9_cl_size5_r_size5",115.39696961967,95.3834367172834,1.20982188932557,12187.1954293583
"7",1,1.5,0.8,1,"targ0.6_cl_size5_r_size5targ0.7_cl_size5_r_size5targ0.8_cl_size5_r_size5targ0.9_cl_size5_r_size5",84.39696961967,77.1038261048049,1.09458860711986,5430.40945368599
"8",1,2,0.8,1,"targ0.6_cl_size5_r_size5targ0.7_cl_size5_r_size5targ0.8_cl_size5_r_size5targ0.9_cl_size5_r_size5",99.8822509939086,92.6498785752038,1.07806132646827,7850.45518783166
"9",1,4,0.8,1,"targ0.6_cl_size5_r_size5targ0.7_cl_size5_r_size5targ0.8_cl_size5_r_size5targ0.9_cl_size5_r_size5",106.953318805774,75.8023746329889,1.4109494501143,11693.4205092173
"10",1,1.5,0.9,1,"targ0.6_cl_size5_r_size5targ0.7_cl_size5_r_size5targ0.8_cl_size5_r_size5targ0.9_cl_size5_r_size5",100.095454429505,96.9381245950219,1.03257056857324,5161.4061843662
"11",1,2,0.9,1,"targ0.6_cl_size5_r_size5targ0.7_cl_size5_r_size5targ0.8_cl_size5_r_size5targ0.9_cl_size5_r_size5",57.3553390593274,53.2353266168247,1.07739245167326,2273.49307183727
"12",1,4,0.9,1,"targ0.6_cl_size5_r_size5targ0.7_cl_size5_r_size5targ0.8_cl_size5_r_size5targ0.9_cl_size5_r_size5",87.0416305603426,80.156097709407,1.08590154770131,10333.5242107564
"13",1,1.5,0.6,2,"targ0.6_cl_size5_r_size5targ0.7_cl_size5_r_size5targ0.8_cl_size5_r_size5targ0.9_cl_size5_r_size5",88.2253967444162,81.8413098624405,1.07800567821686,3751.57854584734
"14",1,2,0.6,2,"targ0.6_cl_size5_r_size5targ0.7_cl_size5_r_size5targ0.8_cl_size5_r_size5targ0.9_cl_size5_r_size5",127.509667991878,116.726175299288,1.0923828152935,7503.85523568999
"15",1,4,0.6,2,"targ0.6_cl_size5_r_size5targ0.7_cl_size5_r_size5targ0.8_cl_size5_r_size5targ0.9_cl_size5_r_size5",103.053823869162,89.2748564826626,1.15434320400365,5021.98034202911
"16",1,1.5,0.7,2,"targ0.6_cl_size5_r_size5targ0.7_cl_size5_r_size5targ0.8_cl_size5_r_size5targ0.9_cl_size5_r_size5",95.3675323681471,90.4267659490264,1.05463831828184,7031.66616796799
"17",1,2,0.7,2,"targ0.6_cl_size5_r_size5targ0.7_cl_size5_r_size5targ0.8_cl_size5_r_size5targ0.9_cl_size5_r_size5",114.367532368147,102.800778207171,1.11251621206277,7690.04474985496
"18",1,4,0.7,2,"targ0.6_cl_size5_r_size5targ0.7_cl_size5_r_size5targ0.8_cl_size5_r_size5targ0.9_cl_size5_r_size5",107.053823869162,84.9588135510378,1.26006731255553,7004.99556571826
"19",1,1.5,0.8,2,"targ0.6_cl_size5_r_size5targ0.7_cl_size5_r_size5targ0.8_cl_size5_r_size5targ0.9_cl_size5_r_size5",84.4680374315355,80,1.05585046789419,5989.01910681019
"20",1,2,0.8,2,"targ0.6_cl_size5_r_size5targ0.7_cl_size5_r_size5targ0.8_cl_size5_r_size5targ0.9_cl_size5_r_size5",112.580735803744,108.189648303338,1.04058694680376,11887.1203812144
"21",1,4,0.8,2,"targ0.6_cl_size5_r_size5targ0.7_cl_size5_r_size5targ0.8_cl_size5_r_size5targ0.9_cl_size5_r_size5",83.7695526217005,67,1.25029183017463,6610.96985208849
"22",1,1.5,0.9,2,"targ0.6_cl_size5_r_size5targ0.7_cl_size5_r_size5targ0.8_cl_size5_r_size5targ0.9_cl_size5_r_size5",83.0538238691624,78.2432105680742,1.06148282088837,6027.56377390926
"23",1,2,0.9,2,"targ0.6_cl_size5_r_size5targ0.7_cl_size5_r_size5targ0.8_cl_size5_r_size5targ0.9_cl_size5_r_size5",106.468037431535,96.6022774058666,1.10212761324683,7903.05456227214
"24",1,4,0.9,2,"targ0.6_cl_size5_r_size5targ0.7_cl_size5_r_size5targ0.8_cl_size5_r_size5targ0.9_cl_size5_r_size5",110.01219330882,91.7877987534291,1.1985492059173,14791.8065879067
"25",1,1.5,0.6,3,"targ0.6_cl_size5_r_size5targ0.7_cl_size5_r_size5targ0.8_cl_size5_r_size5targ0.9_cl_size5_r_size5",87.4680374315355,82.2009732302483,1.06407544818884,3417.86607154691
"26",1,2,0.6,3,"targ0.6_cl_size5_r_size5targ0.7_cl_size5_r_size5targ0.8_cl_size5_r_size5targ0.9_cl_size5_r_size5",80.9116882454314,68.60029154457,1.17946566149595,3320.84655814721
"27",1,4,0.6,3,"targ0.6_cl_size5_r_size5targ0.7_cl_size5_r_size5targ0.8_cl_size5_r_size5targ0.9_cl_size5_r_size5",107.740115370178,93.4772699644143,1.15258089384931,5726.7229975839
"28",1,1.5,0.7,3,"targ0.6_cl_size5_r_size5targ0.7_cl_size5_r_size5targ0.8_cl_size5_r_size5targ0.9_cl_size5_r_size5",NA,NA,NA,NA
"29",1,2,0.7,3,"targ0.6_cl_size5_r_size5targ0.7_cl_size5_r_size5targ0.8_cl_size5_r_size5targ0.9_cl_size5_r_size5",122.982756057297,105.209315176937,1.16893409913818,7433.41040894574
"30",1,4,0.7,3,"targ0.6_cl_size5_r_size5targ0.7_cl_size5_r_size5targ0.8_cl_size5_r_size5targ0.9_cl_size5_r_size5",85.4264068711929,72.0069441095788,1.1863634532413,6587.43635946218
"31",1,1.5,0.8,3,"targ0.6_cl_size5_r_size5targ0.7_cl_size5_r_size5targ0.8_cl_size5_r_size5targ0.9_cl_size5_r_size5",88.7817459305202,85.5862138431184,1.03733699557337,6729.18107477178
"32",1,2,0.8,3,"targ0.6_cl_size5_r_size5targ0.7_cl_size5_r_size5targ0.8_cl_size5_r_size5targ0.9_cl_size5_r_size5",98.8111831820431,89.0056178002265,1.11016793798146,5767.37928814959
"33",1,4,0.8,3,"targ0.6_cl_size5_r_size5targ0.7_cl_size5_r_size5targ0.8_cl_size5_r_size5targ0.9_cl_size5_r_size5",106.497474683058,82.0792300158816,1.29749602502913,11315.4283922876
"34",1,1.5,0.9,3,"targ0.6_cl_size5_r_size5targ0.7_cl_size5_r_size5targ0.8_cl_size5_r_size5targ0.9_cl_size5_r_size5",95.539105243401,89.196412483911,1.07110928099977,4743.05231844489
"35",1,2,0.9,3,"targ0.6_cl_size5_r_size5targ0.7_cl_size5_r_size5targ0.8_cl_size5_r_size5targ0.9_cl_size5_r_size5",107.811183182043,96.2548700066651,1.12005951672448,8024.51377348411
"36",1,4,0.9,3,"targ0.6_cl_size5_r_size5targ0.7_cl_size5_r_size5targ0.8_cl_size5_r_size5targ0.9_cl_size5_r_size5",91.1126983722081,72.1110255092798,1.26350579164185,9437.51916012251
"37",1,1.5,0.6,4,"targ0.6_cl_size5_r_size5targ0.7_cl_size5_r_size5targ0.8_cl_size5_r_size5targ0.9_cl_size5_r_size5",117.681240867132,109.635760589326,1.07338372292543,5848.49384748238
"38",1,2,0.6,4,"targ0.6_cl_size5_r_size5targ0.7_cl_size5_r_size5targ0.8_cl_size5_r_size5targ0.9_cl_size5_r_size5",127.367532368147,111.287914887467,1.14448664526548,7434.57577578474
"39",1,4,0.6,4,"targ0.6_cl_size5_r_size5targ0.7_cl_size5_r_size5targ0.8_cl_size5_r_size5targ0.9_cl_size5_r_size5",112.811183182043,93.4772699644143,1.20683010131756,7525.71074480437
"40",1,1.5,0.7,4,"targ0.6_cl_size5_r_size5targ0.7_cl_size5_r_size5targ0.8_cl_size5_r_size5targ0.9_cl_size5_r_size5",110.02438661764,101.911726508778,1.07960477549326,5426.86432357568
"41",1,2,0.7,4,"targ0.6_cl_size5_r_size5targ0.7_cl_size5_r_size5targ0.8_cl_size5_r_size5targ0.9_cl_size5_r_size5",111.225396744416,97.082439194738,1.14567987441383,6508.03950948834
"42",1,4,0.7,4,"targ0.6_cl_size5_r_size5targ0.7_cl_size5_r_size5targ0.8_cl_size5_r_size5targ0.9_cl_size5_r_size5",99.7401153701776,81.6333265278342,1.221806333424,6983.89234715989
"43",1,1.5,0.8,4,"targ0.6_cl_size5_r_size5targ0.7_cl_size5_r_size5targ0.8_cl_size5_r_size5targ0.9_cl_size5_r_size5",NA,NA,NA,NA
"44",1,2,0.8,4,"targ0.6_cl_size5_r_size5targ0.7_cl_size5_r_size5targ0.8_cl_size5_r_size5targ0.9_cl_size5_r_size5",90.1543289325507,79.9312204335703,1.12789881655162,7440.5606238831
"45",1,4,0.8,4,"targ0.6_cl_size5_r_size5targ0.7_cl_size5_r_size5targ0.8_cl_size5_r_size5targ0.9_cl_size5_r_size5",90.3259018078045,65.1920240520265,1.38553608545303,5611.00305501391
"46",1,1.5,0.9,4,"targ0.6_cl_size5_r_size5targ0.7_cl_size5_r_size5targ0.8_cl_size5_r_size5targ0.9_cl_size5_r_size5",NA,NA,NA,NA
"47",1,2,0.9,4,"targ0.6_cl_size5_r_size5targ0.7_cl_size5_r_size5targ0.8_cl_size5_r_size5targ0.9_cl_size5_r_size5",105.195959492893,98.2344135219425,1.07086667208937,7086.16209036463
"48",1,4,0.9,4,"targ0.6_cl_size5_r_size5targ0.7_cl_size5_r_size5targ0.8_cl_size5_r_size5targ0.9_cl_size5_r_size5",105.225396744416,91.8095855561934,1.14612647586794,15082.9860213319
"49",1,1.5,0.6,5,"targ0.6_cl_size5_r_size5targ0.7_cl_size5_r_size5targ0.8_cl_size5_r_size5targ0.9_cl_size5_r_size5",88.7401153701776,82.2982381342395,1.07827478913255,5676.76488810978
"50",1,2,0.6,5,"targ0.6_cl_size5_r_size5targ0.7_cl_size5_r_size5targ0.8_cl_size5_r_size5targ0.9_cl_size5_r_size5",100.840620433566,87.3212459828649,1.15482342582874,4712.47019955949
"51",1,4,0.6,5,"targ0.6_cl_size5_r_size5targ0.7_cl_size5_r_size5targ0.8_cl_size5_r_size5targ0.9_cl_size5_r_size5",120.882250993909,101.513545894132,1.19079921727861,9791.59749676574
"52",1,1.5,0.7,5,"targ0.6_cl_size5_r_size5targ0.7_cl_size5_r_size5targ0.8_cl_size5_r_size5targ0.9_cl_size5_r_size5",83.4974746830583,75.1531769122237,1.11103053940861,4698.57966365536
"53",1,2,0.7,5,"targ0.6_cl_size5_r_size5targ0.7_cl_size5_r_size5targ0.8_cl_size5_r_size5targ0.9_cl_size5_r_size5",71.6690475583121,64.6606526413088,1.10838732104795,4114.29607658784
"54",1,4,0.7,5,"targ0.6_cl_size5_r_size5targ0.7_cl_size5_r_size5targ0.8_cl_size5_r_size5targ0.9_cl_size5_r_size5",124.882250993909,108.466584716216,1.15134307326668,9003.9538756872
"55",1,1.5,0.8,5,"targ0.6_cl_size5_r_size5targ0.7_cl_size5_r_size5targ0.8_cl_size5_r_size5targ0.9_cl_size5_r_size5",104.982756057297,93.150415994777,1.1270240174041,5875.06264994284
"56",1,2,0.8,5,"targ0.6_cl_size5_r_size5targ0.7_cl_size5_r_size5targ0.8_cl_size5_r_size5targ0.9_cl_size5_r_size5",NA,NA,NA,NA
"57",1,4,0.8,5,"targ0.6_cl_size5_r_size5targ0.7_cl_size5_r_size5targ0.8_cl_size5_r_size5targ0.9_cl_size5_r_size5",123.982756057297,84.0119039184329,1.47577605404196,12941.0456782825
"58",1,1.5,0.9,5,"targ0.6_cl_size5_r_size5targ0.7_cl_size5_r_size5targ0.8_cl_size5_r_size5targ0.9_cl_size5_r_size5",95.8528137423857,92.7631392310545,1.03330713618515,4465.12220281963
"59",1,2,0.9,5,"targ0.6_cl_size5_r_size5targ0.7_cl_size5_r_size5targ0.8_cl_size5_r_size5targ0.9_cl_size5_r_size5",116.308657865101,114.58621208505,1.01503187642483,15979.9163339049
"60",1,4,0.9,5,"targ0.6_cl_size5_r_size5targ0.7_cl_size5_r_size5targ0.8_cl_size5_r_size5targ0.9_cl_size5_r_size5",100.669047558312,85.7554662980734,1.1739082288749,14619.1417367473
"61",1,1.5,0.6,6,"targ0.6_cl_size5_r_size5targ0.7_cl_size5_r_size5targ0.8_cl_size5_r_size5targ0.9_cl_size5_r_size5",90.9827560572969,81.8352002502591,1.11178020923837,5745.58011795732
"62",1,2,0.6,6,"targ0.6_cl_size5_r_size5targ0.7_cl_size5_r_size5targ0.8_cl_size5_r_size5targ0.9_cl_size5_r_size5",111.053823869162,99.569071503153,1.11534457630898,8329.27844467669
"63",1,4,0.6,6,"targ0.6_cl_size5_r_size5targ0.7_cl_size5_r_size5targ0.8_cl_size5_r_size5targ0.9_cl_size5_r_size5",148.195959492893,105.759160359753,1.40125885066396,12707.3053721833
"64",1,1.5,0.7,6,"targ0.6_cl_size5_r_size5targ0.7_cl_size5_r_size5targ0.8_cl_size5_r_size5targ0.9_cl_size5_r_size5",NA,NA,NA,NA
"65",1,2,0.7,6,"targ0.6_cl_size5_r_size5targ0.7_cl_size5_r_size5targ0.8_cl_size5_r_size5targ0.9_cl_size5_r_size5",106.953318805774,97.2008230417829,1.10033346898512,6194.75420248434
"66",1,4,0.7,6,"targ0.6_cl_size5_r_size5targ0.7_cl_size5_r_size5targ0.8_cl_size5_r_size5targ0.9_cl_size5_r_size5",120.568542494924,90.5207158610668,1.33194420026434,9511.44462610353
"67",1,1.5,0.8,6,"targ0.6_cl_size5_r_size5targ0.7_cl_size5_r_size5targ0.8_cl_size5_r_size5targ0.9_cl_size5_r_size5",113.195959492893,104.201727432898,1.08631557538993,10099.0953303863
"68",1,2,0.8,6,"targ0.6_cl_size5_r_size5targ0.7_cl_size5_r_size5targ0.8_cl_size5_r_size5targ0.9_cl_size5_r_size5",NA,NA,NA,NA
"69",1,4,0.8,6,"targ0.6_cl_size5_r_size5targ0.7_cl_size5_r_size5targ0.8_cl_size5_r_size5targ0.9_cl_size5_r_size5",77.5979797464467,61.8546683767685,1.25452098900252,4816.76559621888
"70",1,1.5,0.9,6,"targ0.6_cl_size5_r_size5targ0.7_cl_size5_r_size5targ0.8_cl_size5_r_size5targ0.9_cl_size5_r_size5",106.539105243401,99.6443676280802,1.0691934504623,9919.19735063985
"71",1,2,0.9,6,"targ0.6_cl_size5_r_size5targ0.7_cl_size5_r_size5targ0.8_cl_size5_r_size5targ0.9_cl_size5_r_size5",112.752308678997,107.814655775548,1.04579760393363,14503.0628022876
"72",1,4,0.9,6,"targ0.6_cl_size5_r_size5targ0.7_cl_size5_r_size5targ0.8_cl_size5_r_size5targ0.9_cl_size5_r_size5",105.426406871193,87,1.21179778012865,11617.5240200275
"73",1,1.5,0.6,7,"targ0.6_cl_size5_r_size5targ0.7_cl_size5_r_size5targ0.8_cl_size5_r_size5targ0.9_cl_size5_r_size5",102.539105243401,94.8103369891701,1.08151820254698,7212.35275532828
"74",1,2,0.6,7,"targ0.6_cl_size5_r_size5targ0.7_cl_size5_r_size5targ0.8_cl_size5_r_size5targ0.9_cl_size5_r_size5",108.39696961967,91.2852671574116,1.18745305781656,6803.06581894227
"75",1,4,0.6,7,"targ0.6_cl_size5_r_size5targ0.7_cl_size5_r_size5targ0.8_cl_size5_r_size5targ0.9_cl_size5_r_size5",101.669047558312,81.7863069223693,1.24310598416939,7650.15470018683
"76",1,1.5,0.7,7,"targ0.6_cl_size5_r_size5targ0.7_cl_size5_r_size5targ0.8_cl_size5_r_size5targ0.9_cl_size5_r_size5",NA,NA,NA,NA
"77",1,2,0.7,7,"targ0.6_cl_size5_r_size5targ0.7_cl_size5_r_size5targ0.8_cl_size5_r_size5targ0.9_cl_size5_r_size5",69.4264068711929,62.00806399171,1.11963513133509,2396.07758322669
"78",1,4,0.7,7,"targ0.6_cl_size5_r_size5targ0.7_cl_size5_r_size5targ0.8_cl_size5_r_size5targ0.9_cl_size5_r_size5",84.9116882454314,74.027022093287,1.14703639082534,5204.35076120258
"79",1,1.5,0.8,7,"targ0.6_cl_size5_r_size5targ0.7_cl_size5_r_size5targ0.8_cl_size5_r_size5targ0.9_cl_size5_r_size5",90.0832611206852,81.939001702486,1.09939417431238,5654.34122191803
"80",1,2,0.8,7,"targ0.6_cl_size5_r_size5targ0.7_cl_size5_r_size5targ0.8_cl_size5_r_size5targ0.9_cl_size5_r_size5",124.468037431535,107.935165724615,1.15317409850561,13105.2752673202
"81",1,4,0.8,7,"targ0.6_cl_size5_r_size5targ0.7_cl_size5_r_size5targ0.8_cl_size5_r_size5targ0.9_cl_size5_r_size5",80.254833995939,67.1788657242737,1.19464407638756,6484.4773685686
"82",1,1.5,0.9,7,"targ0.6_cl_size5_r_size5targ0.7_cl_size5_r_size5targ0.8_cl_size5_r_size5targ0.9_cl_size5_r_size5",114.367532368147,104.623133197205,1.09313809358563,6526.7212285866
"83",1,2,0.9,7,"targ0.6_cl_size5_r_size5targ0.7_cl_size5_r_size5targ0.8_cl_size5_r_size5targ0.9_cl_size5_r_size5",90.5685424949238,81.6088230524127,1.10978861239987,7959.76105630869
"84",1,4,0.9,7,"targ0.6_cl_size5_r_size5targ0.7_cl_size5_r_size5targ0.8_cl_size5_r_size5targ0.9_cl_size5_r_size5",70.4264068711929,62.3698645180507,1.12917363883018,5769.94299707373
"85",1,1.5,0.6,8,"targ0.6_cl_size5_r_size5targ0.7_cl_size5_r_size5targ0.8_cl_size5_r_size5targ0.9_cl_size5_r_size5",85.3259018078045,78.2623792124926,1.09025438104985,5009.31804847288
"86",1,2,0.6,8,"targ0.6_cl_size5_r_size5targ0.7_cl_size5_r_size5targ0.8_cl_size5_r_size5targ0.9_cl_size5_r_size5",NA,NA,NA,NA
"87",1,4,0.6,8,"targ0.6_cl_size5_r_size5targ0.7_cl_size5_r_size5targ0.8_cl_size5_r_size5targ0.9_cl_size5_r_size5",116.639610306789,94.175368329516,1.23853627945124,9258.06152342553
"88",1,1.5,0.7,8,"targ0.6_cl_size5_r_size5targ0.7_cl_size5_r_size5targ0.8_cl_size5_r_size5targ0.9_cl_size5_r_size5",79.6396103067893,74.9666592559653,1.0623337240475,3057.82646124012
"89",1,2,0.7,8,"targ0.6_cl_size5_r_size5targ0.7_cl_size5_r_size5targ0.8_cl_size5_r_size5targ0.9_cl_size5_r_size5",119.953318805774,105.89145385724,1.13279508814273,11077.0343597366
"90",1,4,0.7,8,"targ0.6_cl_size5_r_size5targ0.7_cl_size5_r_size5targ0.8_cl_size5_r_size5targ0.9_cl_size5_r_size5",72.5269119345812,56.3205113613149,1.28775307932303,4408.12162851963
"91",1,1.5,0.8,8,"targ0.6_cl_size5_r_size5targ0.7_cl_size5_r_size5targ0.8_cl_size5_r_size5targ0.9_cl_size5_r_size5",86.539105243401,83.0963296421689,1.04143113920985,6199.51615437576
"92",1,2,0.8,8,"targ0.6_cl_size5_r_size5targ0.7_cl_size5_r_size5targ0.8_cl_size5_r_size5targ0.9_cl_size5_r_size5",106.39696961967,91.0659101969557,1.16835124570277,6575.16904330683
"93",1,4,0.8,8,"targ0.6_cl_size5_r_size5targ0.7_cl_size5_r_size5targ0.8_cl_size5_r_size5targ0.9_cl_size5_r_size5",115.811183182043,95.9009906101079,1.20761195943097,15107.4354457565
"94",1,1.5,0.9,8,"targ0.6_cl_size5_r_size5targ0.7_cl_size5_r_size5targ0.8_cl_size5_r_size5targ0.9_cl_size5_r_size5",86.539105243401,83.240615086627,1.03962597048738,3890.41112116044
"95",1,2,0.9,8,"targ0.6_cl_size5_r_size5targ0.7_cl_size5_r_size5targ0.8_cl_size5_r_size5targ0.9_cl_size5_r_size5",113.195959492893,103.392456204503,1.09481836149632,12735.1846447609
"96",1,4,0.9,8,"targ0.6_cl_size5_r_size5targ0.7_cl_size5_r_size5targ0.8_cl_size5_r_size5targ0.9_cl_size5_r_size5",NA,NA,NA,NA
"97",1,1.5,0.6,9,"targ0.6_cl_size5_r_size5targ0.7_cl_size5_r_size5targ0.8_cl_size5_r_size5targ0.9_cl_size5_r_size5",NA,NA,NA,NA
"98",1,2,0.6,9,"targ0.6_cl_size5_r_size5targ0.7_cl_size5_r_size5targ0.8_cl_size5_r_size5targ0.9_cl_size5_r_size5",54.4264068711929,51.2249938994628,1.06249708839426,2508.77241209668
"99",1,4,0.6,9,"targ0.6_cl_size5_r_size5targ0.7_cl_size5_r_size5targ0.8_cl_size5_r_size5targ0.9_cl_size5_r_size5",135.267027304759,115.260574352204,1.17357585683566,9571.00168084784
"100",1,1.5,0.7,9,"targ0.6_cl_size5_r_size5targ0.7_cl_size5_r_size5targ0.8_cl_size5_r_size5targ0.9_cl_size5_r_size5",114.367532368147,103.276328362312,1.10739347710857,6047.07511808487
"101",1,2,0.7,9,"targ0.6_cl_size5_r_size5targ0.7_cl_size5_r_size5targ0.8_cl_size5_r_size5targ0.9_cl_size5_r_size5",106.982756057297,91.5478017212866,1.16859994501016,8452.44188867939
"102",1,4,0.7,9,"targ0.6_cl_size5_r_size5targ0.7_cl_size5_r_size5targ0.8_cl_size5_r_size5targ0.9_cl_size5_r_size5",97.7401153701776,78.2304288624318,1.24938744158048,7268.66966391045
"103",1,1.5,0.8,9,"targ0.6_cl_size5_r_size5targ0.7_cl_size5_r_size5targ0.8_cl_size5_r_size5targ0.9_cl_size5_r_size5",97.0832611206852,88.9550448260243,1.09137442750501,4805.45229126043
"104",1,2,0.8,9,"targ0.6_cl_size5_r_size5targ0.7_cl_size5_r_size5targ0.8_cl_size5_r_size5targ0.9_cl_size5_r_size5",NA,NA,NA,NA
"105",1,4,0.8,9,"targ0.6_cl_size5_r_size5targ0.7_cl_size5_r_size5targ0.8_cl_size5_r_size5targ0.9_cl_size5_r_size5",81.9116882454314,67.9779375974294,1.20497460117897,7562.58383286979
"106",1,1.5,0.9,9,"targ0.6_cl_size5_r_size5targ0.7_cl_size5_r_size5targ0.8_cl_size5_r_size5targ0.9_cl_size5_r_size5",86.9116882454314,79.2590688817374,1.09655197154931,5747.48179159017
"107",1,2,0.9,9,"targ0.6_cl_size5_r_size5targ0.7_cl_size5_r_size5targ0.8_cl_size5_r_size5targ0.9_cl_size5_r_size5",NA,NA,NA,NA
"108",1,4,0.9,9,"targ0.6_cl_size5_r_size5targ0.7_cl_size5_r_size5targ0.8_cl_size5_r_size5targ0.9_cl_size5_r_size5",113.953318805774,95.4620343382645,1.19370302126589,21499.5207169272
"109",1,1.5,0.6,10,"targ0.6_cl_size5_r_size5targ0.7_cl_size5_r_size5targ0.8_cl_size5_r_size5targ0.9_cl_size5_r_size5",64.7695526217005,59.0592922409336,1.09668690842877,2225.76102962231
"110",1,2,0.6,10,"targ0.6_cl_size5_r_size5targ0.7_cl_size5_r_size5targ0.8_cl_size5_r_size5targ0.9_cl_size5_r_size5",110.539105243401,99.8248466064436,1.10733057952193,6135.60352949164
"111",1,4,0.6,10,"targ0.6_cl_size5_r_size5targ0.7_cl_size5_r_size5targ0.8_cl_size5_r_size5targ0.9_cl_size5_r_size5",89.7401153701776,75.8023746329889,1.18386944742392,4979.57866839626
"112",1,1.5,0.7,10,"targ0.6_cl_size5_r_size5targ0.7_cl_size5_r_size5targ0.8_cl_size5_r_size5targ0.9_cl_size5_r_size5",78.8111831820431,74.2024258363566,1.06211060209609,2901.0789939909
"113",1,2,0.7,10,"targ0.6_cl_size5_r_size5targ0.7_cl_size5_r_size5targ0.8_cl_size5_r_size5targ0.9_cl_size5_r_size5",108.367532368147,94.9210198006743,1.141660009508,9980.25215575073
"114",1,4,0.7,10,"targ0.6_cl_size5_r_size5targ0.7_cl_size5_r_size5targ0.8_cl_size5_r_size5targ0.9_cl_size5_r_size5",109.225396744416,90.8019823572151,1.20289660984188,9846.9157657029
"115",1,1.5,0.8,10,"targ0.6_cl_size5_r_size5targ0.7_cl_size5_r_size5targ0.8_cl_size5_r_size5targ0.9_cl_size5_r_size5",78.6690475583121,72.069410986909,1.09157333855,4707.29161186633
"116",1,2,0.8,10,"targ0.6_cl_size5_r_size5targ0.7_cl_size5_r_size5targ0.8_cl_size5_r_size5targ0.9_cl_size5_r_size5",129.539105243401,113.27841806805,1.14354620635311,14758.8565517942
"117",1,4,0.8,10,"targ0.6_cl_size5_r_size5targ0.7_cl_size5_r_size5targ0.8_cl_size5_r_size5targ0.9_cl_size5_r_size5",94.9827560572969,82.1522975941635,1.15617893642508,7718.05974826983
"118",1,1.5,0.9,10,"targ0.6_cl_size5_r_size5targ0.7_cl_size5_r_size5targ0.8_cl_size5_r_size5targ0.9_cl_size5_r_size5",88.2253967444162,80.4487414444751,1.09666596593445,6862.91285171311
"119",1,2,0.9,10,"targ0.6_cl_size5_r_size5targ0.7_cl_size5_r_size5targ0.8_cl_size5_r_size5targ0.9_cl_size5_r_size5",101.124891681028,93.8136450629651,1.07793372289453,6807.59842929883
"120",1,4,0.9,10,"targ0.6_cl_size5_r_size5targ0.7_cl_size5_r_size5targ0.8_cl_size5_r_size5targ0.9_cl_size5_r_size5",95.8406204335659,76.4198926981712,1.25413183727042,10828.240890165
"121",1,1.5,0.6,11,"targ0.6_cl_size5_r_size5targ0.7_cl_size5_r_size5targ0.8_cl_size5_r_size5targ0.9_cl_size5_r_size5",105.852813742386,100.124921972504,1.05720745302009,8680.38740781476
"122",1,2,0.6,11,"targ0.6_cl_size5_r_size5targ0.7_cl_size5_r_size5targ0.8_cl_size5_r_size5targ0.9_cl_size5_r_size5",116.053823869162,101.118742080783,1.14769845313589,5861.62320388491
"123",1,4,0.6,11,"targ0.6_cl_size5_r_size5targ0.7_cl_size5_r_size5targ0.8_cl_size5_r_size5targ0.9_cl_size5_r_size5",88.3259018078045,67.8969807870718,1.30088114057382,4073.99148315901
"124",1,1.5,0.7,11,"targ0.6_cl_size5_r_size5targ0.7_cl_size5_r_size5targ0.8_cl_size5_r_size5targ0.9_cl_size5_r_size5",62.7401153701776,60.1082357085949,1.04378567480074,1850.0574941786
"125",1,2,0.7,11,"targ0.6_cl_size5_r_size5targ0.7_cl_size5_r_size5targ0.8_cl_size5_r_size5targ0.9_cl_size5_r_size5",92.0121933088198,78.390050389064,1.17377387630377,4729.11678333646
"126",1,4,0.7,11,"targ0.6_cl_size5_r_size5targ0.7_cl_size5_r_size5targ0.8_cl_size5_r_size5targ0.9_cl_size5_r_size5",103.740115370178,89.5544527089524,1.15840265036656,7332.05751265377
"127",1,1.5,0.8,11,"targ0.6_cl_size5_r_size5targ0.7_cl_size5_r_size5targ0.8_cl_size5_r_size5targ0.9_cl_size5_r_size5",96.0121933088198,88.8650662521556,1.08042673412727,5026.54931164153
"128",1,2,0.8,11,"targ0.6_cl_size5_r_size5targ0.7_cl_size5_r_size5targ0.8_cl_size5_r_size5targ0.9_cl_size5_r_size5",86.2253967444162,79.2464510246358,1.08806635034812,6409.17938386626
"129",1,4,0.8,11,"targ0.6_cl_size5_r_size5targ0.7_cl_size5_r_size5targ0.8_cl_size5_r_size5targ0.9_cl_size5_r_size5",113.225396744416,91.7877987534291,1.23355607479568,13452.7547966079
"130",1,1.5,0.9,11,"targ0.6_cl_size5_r_size5targ0.7_cl_size5_r_size5targ0.8_cl_size5_r_size5targ0.9_cl_size5_r_size5",106.78174593052,99.0201999594022,1.07838346089283,9958.81560470934
"131",1,2,0.9,11,"targ0.6_cl_size5_r_size5targ0.7_cl_size5_r_size5targ0.8_cl_size5_r_size5targ0.9_cl_size5_r_size5",97.8111831820431,90.4267659490264,1.08166185261098,9592.79003550486
"132",1,4,0.9,11,"targ0.6_cl_size5_r_size5targ0.7_cl_size5_r_size5targ0.8_cl_size5_r_size5targ0.9_cl_size5_r_size5",95.3553390593274,84.2140130857092,1.13229776809566,11529.1022751173
"133",1,1.5,0.6,12,"targ0.6_cl_size5_r_size5targ0.7_cl_size5_r_size5targ0.8_cl_size5_r_size5targ0.9_cl_size5_r_size5",82.9116882454314,73.8782782690555,1.12227423524243,4701.96767339225
"134",1,2,0.6,12,"targ0.6_cl_size5_r_size5targ0.7_cl_size5_r_size5targ0.8_cl_size5_r_size5targ0.9_cl_size5_r_size5",103.154328932551,92.1303424502482,1.11965641491299,4979.20062215833
"135",1,4,0.6,12,"targ0.6_cl_size5_r_size5targ0.7_cl_size5_r_size5targ0.8_cl_size5_r_size5targ0.9_cl_size5_r_size5",110.78174593052,94.0691235209513,1.17766320960614,9156.9828350598
"136",1,1.5,0.7,12,"targ0.6_cl_size5_r_size5targ0.7_cl_size5_r_size5targ0.8_cl_size5_r_size5targ0.9_cl_size5_r_size5",89.3259018078045,82.7345151674922,1.07966912753363,3765.32741444708
"137",1,2,0.7,12,"targ0.6_cl_size5_r_size5targ0.7_cl_size5_r_size5targ0.8_cl_size5_r_size5targ0.9_cl_size5_r_size5",104.39696961967,91,1.14721944637,5772.67760545526
"138",1,4,0.7,12,"targ0.6_cl_size5_r_size5targ0.7_cl_size5_r_size5targ0.8_cl_size5_r_size5targ0.9_cl_size5_r_size5",97.9116882454314,77.4144689318476,1.26477245915914,5488.44715397137
"139",1,1.5,0.8,12,"targ0.6_cl_size5_r_size5targ0.7_cl_size5_r_size5targ0.8_cl_size5_r_size5targ0.9_cl_size5_r_size5",107.610173055266,100.801785698469,1.06754232883497,5572.77223127954
"140",1,2,0.8,12,"targ0.6_cl_size5_r_size5targ0.7_cl_size5_r_size5targ0.8_cl_size5_r_size5targ0.9_cl_size5_r_size5",73.3259018078045,67.6239602507869,1.08431836195147,2981.98741872273
"141",1,4,0.8,12,"targ0.6_cl_size5_r_size5targ0.7_cl_size5_r_size5targ0.8_cl_size5_r_size5targ0.9_cl_size5_r_size5",134.02438661764,117.592516768713,1.13973567621863,14436.2216331837
"142",1,1.5,0.9,12,"targ0.6_cl_size5_r_size5targ0.7_cl_size5_r_size5targ0.8_cl_size5_r_size5targ0.9_cl_size5_r_size5",105.78174593052,99.569071503153,1.06239562480173,5898.50836306243
"143",1,2,0.9,12,"targ0.6_cl_size5_r_size5targ0.7_cl_size5_r_size5targ0.8_cl_size5_r_size5targ0.9_cl_size5_r_size5",NA,NA,NA,NA
"144",1,4,0.9,12,"targ0.6_cl_size5_r_size5targ0.7_cl_size5_r_size5targ0.8_cl_size5_r_size5targ0.9_cl_size5_r_size5",131.02438661764,114.337220536446,1.14594692789365,14827.8915472938
"145",1,1.5,0.6,13,"targ0.6_cl_size5_r_size5targ0.7_cl_size5_r_size5targ0.8_cl_size5_r_size5targ0.9_cl_size5_r_size5",56.4264068711929,52.4022900262956,1.07679276693591,2499.08654891566
"146",1,2,0.6,13,"targ0.6_cl_size5_r_size5targ0.7_cl_size5_r_size5targ0.8_cl_size5_r_size5targ0.9_cl_size5_r_size5",109.539105243401,99.247166206396,1.10370007961337,5378.80975945706
"147",1,4,0.6,13,"targ0.6_cl_size5_r_size5targ0.7_cl_size5_r_size5targ0.8_cl_size5_r_size5targ0.9_cl_size5_r_size5",NA,NA,NA,NA
"148",1,1.5,0.7,13,"targ0.6_cl_size5_r_size5targ0.7_cl_size5_r_size5targ0.8_cl_size5_r_size5targ0.9_cl_size5_r_size5",NA,NA,NA,NA
"149",1,2,0.7,13,"targ0.6_cl_size5_r_size5targ0.7_cl_size5_r_size5targ0.8_cl_size5_r_size5targ0.9_cl_size5_r_size5",110.639610306789,95.6922149393565,1.15620283611269,9031.93234033335
"150",1,4,0.7,13,"targ0.6_cl_size5_r_size5targ0.7_cl_size5_r_size5targ0.8_cl_size5_r_size5targ0.9_cl_size5_r_size5",113.982756057297,92.3579991121505,1.23414059586639,7933.89628614414
"151",1,1.5,0.8,13,"targ0.6_cl_size5_r_size5targ0.7_cl_size5_r_size5targ0.8_cl_size5_r_size5targ0.9_cl_size5_r_size5",95.2964645562817,88.4081444212014,1.07791499505139,7027.62045484839
"152",1,2,0.8,13,"targ0.6_cl_size5_r_size5targ0.7_cl_size5_r_size5targ0.8_cl_size5_r_size5targ0.9_cl_size5_r_size5",126.539105243401,109.658560997307,1.15393731317073,9596.50239716814
"153",1,4,0.8,13,"targ0.6_cl_size5_r_size5targ0.7_cl_size5_r_size5targ0.8_cl_size5_r_size5targ0.9_cl_size5_r_size5",128.710678118655,94.0212741883453,1.36895271022193,11898.8526179117
"154",1,1.5,0.9,13,"targ0.6_cl_size5_r_size5targ0.7_cl_size5_r_size5targ0.8_cl_size5_r_size5targ0.9_cl_size5_r_size5",NA,NA,NA,NA
"155",1,2,0.9,13,"targ0.6_cl_size5_r_size5targ0.7_cl_size5_r_size5targ0.8_cl_size5_r_size5targ0.9_cl_size5_r_size5",NA,NA,NA,NA
"156",1,4,0.9,13,"targ0.6_cl_size5_r_size5targ0.7_cl_size5_r_size5targ0.8_cl_size5_r_size5targ0.9_cl_size5_r_size5",110.78174593052,101.316336293808,1.09342431815994,11684.3580844029
"157",1,1.5,0.6,14,"targ0.6_cl_size5_r_size5targ0.7_cl_size5_r_size5targ0.8_cl_size5_r_size5targ0.9_cl_size5_r_size5",101.811183182043,92.1140597303148,1.10527300045312,7378.92826973868
"158",1,2,0.6,14,"targ0.6_cl_size5_r_size5targ0.7_cl_size5_r_size5targ0.8_cl_size5_r_size5targ0.9_cl_size5_r_size5",111.539105243401,96.4261375354214,1.15673102847688,5906.73869164519
"159",1,4,0.6,14,"targ0.6_cl_size5_r_size5targ0.7_cl_size5_r_size5targ0.8_cl_size5_r_size5targ0.9_cl_size5_r_size5",111.254833995939,76.4852927038918,1.45459120391492,6657.07136727865
"160",1,1.5,0.7,14,"targ0.6_cl_size5_r_size5targ0.7_cl_size5_r_size5targ0.8_cl_size5_r_size5targ0.9_cl_size5_r_size5",87.8822509939086,82.2192191643779,1.0688772270898,6127.69342036489
"161",1,2,0.7,14,"targ0.6_cl_size5_r_size5targ0.7_cl_size5_r_size5targ0.8_cl_size5_r_size5targ0.9_cl_size5_r_size5",102.39696961967,91.8095855561934,1.11531893973093,5502.42149641112
"162",1,4,0.7,14,"targ0.6_cl_size5_r_size5targ0.7_cl_size5_r_size5targ0.8_cl_size5_r_size5targ0.9_cl_size5_r_size5",102.568542494924,84.1189633792524,1.21932722865938,6663.16560853567
"163",1,1.5,0.8,14,"targ0.6_cl_size5_r_size5targ0.7_cl_size5_r_size5targ0.8_cl_size5_r_size5targ0.9_cl_size5_r_size5",78.4974746830583,71.2811335487869,1.10123774377595,3042.89677273235
"164",1,2,0.8,14,"targ0.6_cl_size5_r_size5targ0.7_cl_size5_r_size5targ0.8_cl_size5_r_size5targ0.9_cl_size5_r_size5",NA,NA,NA,NA
"165",1,4,0.8,14,"targ0.6_cl_size5_r_size5targ0.7_cl_size5_r_size5targ0.8_cl_size5_r_size5targ0.9_cl_size5_r_size5",82.254833995939,65.7951365983839,1.25016586709175,7058.83308398399
"166",1,1.5,0.9,14,"targ0.6_cl_size5_r_size5targ0.7_cl_size5_r_size5targ0.8_cl_size5_r_size5targ0.9_cl_size5_r_size5",94.9411254969543,88.3232698670062,1.07492765654977,5444.64958647474
"167",1,2,0.9,14,"targ0.6_cl_size5_r_size5targ0.7_cl_size5_r_size5targ0.8_cl_size5_r_size5targ0.9_cl_size5_r_size5",88.6690475583121,81.939001702486,1.0821348285431,7943.68039484333
"168",1,4,0.9,14,"targ0.6_cl_size5_r_size5targ0.7_cl_size5_r_size5targ0.8_cl_size5_r_size5targ0.9_cl_size5_r_size5",121.124891681028,101.138518873869,1.19761385701212,12610.5237872464
"169",1,1.5,0.6,15,"targ0.6_cl_size5_r_size5targ0.7_cl_size5_r_size5targ0.8_cl_size5_r_size5targ0.9_cl_size5_r_size5",98.1248916810278,90.785461391128,1.08084367449849,4376.42617153923
"170",1,2,0.6,15,"targ0.6_cl_size5_r_size5targ0.7_cl_size5_r_size5targ0.8_cl_size5_r_size5targ0.9_cl_size5_r_size5",65.254833995939,59.4138031100518,1.09831100821922,3072.8915557968
"171",1,4,0.6,15,"targ0.6_cl_size5_r_size5targ0.7_cl_size5_r_size5targ0.8_cl_size5_r_size5targ0.9_cl_size5_r_size5",109.053823869162,93.8616002420585,1.16185770952045,6233.05155341597
"172",1,1.5,0.7,15,"targ0.6_cl_size5_r_size5targ0.7_cl_size5_r_size5targ0.8_cl_size5_r_size5targ0.9_cl_size5_r_size5",89.698484809835,81.7435012707432,1.09731640332782,4857.34936240295
"173",1,2,0.7,15,"targ0.6_cl_size5_r_size5targ0.7_cl_size5_r_size5targ0.8_cl_size5_r_size5targ0.9_cl_size5_r_size5",93.8406204335659,81.6088230524127,1.14988327148521,6331.57483914606
"174",1,4,0.7,15,"targ0.6_cl_size5_r_size5targ0.7_cl_size5_r_size5targ0.8_cl_size5_r_size5targ0.9_cl_size5_r_size5",100.811183182043,82.6801064343775,1.21929188930176,7283.99215898186
"175",1,1.5,0.8,15,"targ0.6_cl_size5_r_size5targ0.7_cl_size5_r_size5targ0.8_cl_size5_r_size5targ0.9_cl_size5_r_size5",111.468037431535,102.083299319722,1.09193215907355,6071.13721114628
"176",1,2,0.8,15,"targ0.6_cl_size5_r_size5targ0.7_cl_size5_r_size5targ0.8_cl_size5_r_size5targ0.9_cl_size5_r_size5",104.539105243401,95,1.10041163414106,9855.59559035183
"177",1,4,0.8,15,"targ0.6_cl_size5_r_size5targ0.7_cl_size5_r_size5targ0.8_cl_size5_r_size5targ0.9_cl_size5_r_size5",100.639610306789,85.4224794770089,1.17813965273481,6685.40347342211
"178",1,1.5,0.9,15,"targ0.6_cl_size5_r_size5targ0.7_cl_size5_r_size5targ0.8_cl_size5_r_size5targ0.9_cl_size5_r_size5",NA,NA,NA,NA
"179",1,2,0.9,15,"targ0.6_cl_size5_r_size5targ0.7_cl_size5_r_size5targ0.8_cl_size5_r_size5targ0.9_cl_size5_r_size5",111.539105243401,97.9081201943945,1.13922221182413,11604.3906849935
"180",1,4,0.9,15,"targ0.6_cl_size5_r_size5targ0.7_cl_size5_r_size5targ0.8_cl_size5_r_size5targ0.9_cl_size5_r_size5",74.0121933088198,62.9682459657247,1.17538915327428,5066.84395028068
"181",1,1.5,0.6,16,"targ0.6_cl_size5_r_size5targ0.7_cl_size5_r_size5targ0.8_cl_size5_r_size5targ0.9_cl_size5_r_size5",93.2964645562817,86.2670273047588,1.08148463522094,3719.81737009913
"182",1,2,0.6,16,"targ0.6_cl_size5_r_size5targ0.7_cl_size5_r_size5targ0.8_cl_size5_r_size5targ0.9_cl_size5_r_size5",108.154328932551,95.7131129992124,1.12998444563642,7828.05809856615
"183",1,4,0.6,16,"targ0.6_cl_size5_r_size5targ0.7_cl_size5_r_size5targ0.8_cl_size5_r_size5targ0.9_cl_size5_r_size5",98.6690475583121,88.0567998510053,1.12051593659164,7559.06273659802
"184",1,1.5,0.7,16,"targ0.6_cl_size5_r_size5targ0.7_cl_size5_r_size5targ0.8_cl_size5_r_size5targ0.9_cl_size5_r_size5",109.16652224137,105.361283211624,1.03611610369346,5235.99979185251
"185",1,2,0.7,16,"targ0.6_cl_size5_r_size5targ0.7_cl_size5_r_size5targ0.8_cl_size5_r_size5targ0.9_cl_size5_r_size5",81.4974746830583,70.8378429936994,1.150479337581,3384.51995899238
"186",1,4,0.7,16,"targ0.6_cl_size5_r_size5targ0.7_cl_size5_r_size5targ0.8_cl_size5_r_size5targ0.9_cl_size5_r_size5",101.740115370178,88.1929702413974,1.15360799269715,9382.92660226424
"187",1,1.5,0.8,16,"targ0.6_cl_size5_r_size5targ0.7_cl_size5_r_size5targ0.8_cl_size5_r_size5targ0.9_cl_size5_r_size5",NA,NA,NA,NA
"188",1,2,0.8,16,"targ0.6_cl_size5_r_size5targ0.7_cl_size5_r_size5targ0.8_cl_size5_r_size5targ0.9_cl_size5_r_size5",66.3847763108502,61.0737259384099,1.08696129621756,3060.52575653221
"189",1,4,0.8,16,"targ0.6_cl_size5_r_size5targ0.7_cl_size5_r_size5targ0.8_cl_size5_r_size5targ0.9_cl_size5_r_size5",118.710678118655,100.568384694197,1.18039758199979,16141.358180824
"190",1,1.5,0.9,16,"targ0.6_cl_size5_r_size5targ0.7_cl_size5_r_size5targ0.8_cl_size5_r_size5targ0.9_cl_size5_r_size5",102.982756057297,95.2732911156112,1.08091947755148,8804.07214462436
"191",1,2,0.9,16,"targ0.6_cl_size5_r_size5targ0.7_cl_size5_r_size5targ0.8_cl_size5_r_size5targ0.9_cl_size5_r_size5",113.923881554251,104.690018626419,1.08820194177998,13294.3894510013
"192",1,4,0.9,16,"targ0.6_cl_size5_r_size5targ0.7_cl_size5_r_size5targ0.8_cl_size5_r_size5targ0.9_cl_size5_r_size5",NA,NA,NA,NA
"193",1,1.5,0.6,17,"targ0.6_cl_size5_r_size5targ0.7_cl_size5_r_size5targ0.8_cl_size5_r_size5targ0.9_cl_size5_r_size5",73.8406204335659,67.2309452558864,1.09831298894464,2311.5220766632
"194",1,2,0.6,17,"targ0.6_cl_size5_r_size5targ0.7_cl_size5_r_size5targ0.8_cl_size5_r_size5targ0.9_cl_size5_r_size5",82.8406204335659,73.9256383131049,1.12059391469442,5199.39153101734
"195",1,4,0.6,17,"targ0.6_cl_size5_r_size5targ0.7_cl_size5_r_size5targ0.8_cl_size5_r_size5targ0.9_cl_size5_r_size5",77.4264068711929,67.2086303981862,1.15203072004994,3197.30421126657
"196",1,1.5,0.7,17,"targ0.6_cl_size5_r_size5targ0.7_cl_size5_r_size5targ0.8_cl_size5_r_size5targ0.9_cl_size5_r_size5",109.78174593052,100.895986045036,1.08806851723039,5690.03049919634
"197",1,2,0.7,17,"targ0.6_cl_size5_r_size5targ0.7_cl_size5_r_size5targ0.8_cl_size5_r_size5targ0.9_cl_size5_r_size5",111.610173055266,98.2293235240883,1.13622052001505,9541.65499299714
"198",1,4,0.7,17,"targ0.6_cl_size5_r_size5targ0.7_cl_size5_r_size5targ0.8_cl_size5_r_size5targ0.9_cl_size5_r_size5",127.296464556282,108.811764069884,1.16987777603281,10038.4735731593
"199",1,1.5,0.8,17,"targ0.6_cl_size5_r_size5targ0.7_cl_size5_r_size5targ0.8_cl_size5_r_size5targ0.9_cl_size5_r_size5",85.39696961967,77.5241897732572,1.10155255887793,5668.88557213174
"200",1,2,0.8,17,"targ0.6_cl_size5_r_size5targ0.7_cl_size5_r_size5targ0.8_cl_size5_r_size5targ0.9_cl_size5_r_size5",75.7401153701776,69.5269731830748,1.08936304721252,5203.35699357301
"201",1,4,0.8,17,"targ0.6_cl_size5_r_size5targ0.7_cl_size5_r_size5targ0.8_cl_size5_r_size5targ0.9_cl_size5_r_size5",NA,NA,NA,NA
"202",1,1.5,0.9,17,"targ0.6_cl_size5_r_size5targ0.7_cl_size5_r_size5targ0.8_cl_size5_r_size5targ0.9_cl_size5_r_size5",114.509667991878,108.07404868885,1.05954823920362,6417.69254765472
"203",1,2,0.9,17,"targ0.6_cl_size5_r_size5targ0.7_cl_size5_r_size5targ0.8_cl_size5_r_size5targ0.9_cl_size5_r_size5",107.681240867132,102.176318195558,1.05387669832688,12169.18952619
"204",1,4,0.9,17,"targ0.6_cl_size5_r_size5targ0.7_cl_size5_r_size5targ0.8_cl_size5_r_size5targ0.9_cl_size5_r_size5",NA,NA,NA,NA
"205",1,1.5,0.6,18,"targ0.6_cl_size5_r_size5targ0.7_cl_size5_r_size5targ0.8_cl_size5_r_size5targ0.9_cl_size5_r_size5",88.5685424949238,82.365041127896,1.07531716468635,3755.42563929138
"206",1,2,0.6,18,"targ0.6_cl_size5_r_size5targ0.7_cl_size5_r_size5targ0.8_cl_size5_r_size5targ0.9_cl_size5_r_size5",123.852813742386,112.929181348312,1.09672993520055,11435.1758185413
"207",1,4,0.6,18,"targ0.6_cl_size5_r_size5targ0.7_cl_size5_r_size5targ0.8_cl_size5_r_size5targ0.9_cl_size5_r_size5",104.154328932551,81.9328993750374,1.27121497868393,5721.56504655246
"208",1,1.5,0.7,18,"targ0.6_cl_size5_r_size5targ0.7_cl_size5_r_size5targ0.8_cl_size5_r_size5targ0.9_cl_size5_r_size5",104.882250993909,96.6488489326179,1.08518882689468,5849.32215821659
"209",1,2,0.7,18,"targ0.6_cl_size5_r_size5targ0.7_cl_size5_r_size5targ0.8_cl_size5_r_size5targ0.9_cl_size5_r_size5",106.296464556282,95.6713123146118,1.1110589160388,5221.01582021772
"210",1,4,0.7,18,"targ0.6_cl_size5_r_size5targ0.7_cl_size5_r_size5targ0.8_cl_size5_r_size5targ0.9_cl_size5_r_size5",107.154328932551,90.785461391128,1.18030274110632,9521.81821923234
"211",1,1.5,0.8,18,"targ0.6_cl_size5_r_size5targ0.7_cl_size5_r_size5targ0.8_cl_size5_r_size5targ0.9_cl_size5_r_size5",101.539105243401,94.8683298050514,1.07031614714898,4680.22665557655
"212",1,2,0.8,18,"targ0.6_cl_size5_r_size5targ0.7_cl_size5_r_size5targ0.8_cl_size5_r_size5targ0.9_cl_size5_r_size5",99.1543289325507,88.2043082847998,1.12414382994076,5233.1411699541
"213",1,4,0.8,18,"targ0.6_cl_size5_r_size5targ0.7_cl_size5_r_size5targ0.8_cl_size5_r_size5targ0.9_cl_size5_r_size5",99.7401153701776,85.0881895447306,1.17219693947942,11241.0845235603
"214",1,1.5,0.9,18,"targ0.6_cl_size5_r_size5targ0.7_cl_size5_r_size5targ0.8_cl_size5_r_size5targ0.9_cl_size5_r_size5",113.40916292849,109.87720418722,1.0321445996683,6650.76045382804
"215",1,2,0.9,18,"targ0.6_cl_size5_r_size5targ0.7_cl_size5_r_size5targ0.8_cl_size5_r_size5targ0.9_cl_size5_r_size5",109.39696961967,98.488578017961,1.11075793580571,11507.836766258
"216",1,4,0.9,18,"targ0.6_cl_size5_r_size5targ0.7_cl_size5_r_size5targ0.8_cl_size5_r_size5targ0.9_cl_size5_r_size5",115.953318805774,92.4175308044962,1.25466800288212,17048.8771306858
"217",1,1.5,0.6,19,"targ0.6_cl_size5_r_size5targ0.7_cl_size5_r_size5targ0.8_cl_size5_r_size5targ0.9_cl_size5_r_size5",85.8111831820431,78.2368199762746,1.09681328060197,5608.827967721
"218",1,2,0.6,19,"targ0.6_cl_size5_r_size5targ0.7_cl_size5_r_size5targ0.8_cl_size5_r_size5targ0.9_cl_size5_r_size5",123.811183182043,105.437185091409,1.17426487699482,7609.21822503853
"219",1,4,0.6,19,"targ0.6_cl_size5_r_size5targ0.7_cl_size5_r_size5targ0.8_cl_size5_r_size5targ0.9_cl_size5_r_size5",68.9411254969543,55.9732078766261,1.2316808007308,3055.14224946337
"220",1,1.5,0.7,19,"targ0.6_cl_size5_r_size5targ0.7_cl_size5_r_size5targ0.8_cl_size5_r_size5targ0.9_cl_size5_r_size5",NA,NA,NA,NA
"221",1,2,0.7,19,"targ0.6_cl_size5_r_size5targ0.7_cl_size5_r_size5targ0.8_cl_size5_r_size5targ0.9_cl_size5_r_size5",57.254833995939,53.8144961882948,1.06392957383837,1808.06805966011
"222",1,4,0.7,19,"targ0.6_cl_size5_r_size5targ0.7_cl_size5_r_size5targ0.8_cl_size5_r_size5targ0.9_cl_size5_r_size5",127.882250993909,97.6217188949262,1.30997745626209,9620.66029793625
"223",1,1.5,0.8,19,"targ0.6_cl_size5_r_size5targ0.7_cl_size5_r_size5targ0.8_cl_size5_r_size5targ0.9_cl_size5_r_size5",93.6690475583121,83.815273071201,1.11756538070025,6634.41834433216
"224",1,2,0.8,19,"targ0.6_cl_size5_r_size5targ0.7_cl_size5_r_size5targ0.8_cl_size5_r_size5targ0.9_cl_size5_r_size5",85.9116882454314,77.3886296557834,1.11013321501566,6236.82154426945
"225",1,4,0.8,19,"targ0.6_cl_size5_r_size5targ0.7_cl_size5_r_size5targ0.8_cl_size5_r_size5targ0.9_cl_size5_r_size5",111.296464556282,94.7945146092325,1.17408127479817,8452.1408158266
"226",1,1.5,0.9,19,"targ0.6_cl_size5_r_size5targ0.7_cl_size5_r_size5targ0.8_cl_size5_r_size5targ0.9_cl_size5_r_size5",88.8822509939086,84.0535543567314,1.057447857787,7266.91476173452
"227",1,2,0.9,19,"targ0.6_cl_size5_r_size5targ0.7_cl_size5_r_size5targ0.8_cl_size5_r_size5targ0.9_cl_size5_r_size5",78.1543289325507,71.7007670809734,1.09000687320805,3584.37375893238
"228",1,4,0.9,19,"targ0.6_cl_size5_r_size5targ0.7_cl_size5_r_size5targ0.8_cl_size5_r_size5targ0.9_cl_size5_r_size5",129.124891681028,106.962610289764,1.20719652719044,15234.1889501894
"229",1,1.5,0.6,20,"targ0.6_cl_size5_r_size5targ0.7_cl_size5_r_size5targ0.8_cl_size5_r_size5targ0.9_cl_size5_r_size5",78.3553390593274,72.4499827467198,1.08150942331142,2958.73408179398
"230",1,2,0.6,20,"targ0.6_cl_size5_r_size5targ0.7_cl_size5_r_size5targ0.8_cl_size5_r_size5targ0.9_cl_size5_r_size5",107.882250993909,96.8297474952816,1.1141436777904,8333.81557752486
"231",1,4,0.6,20,"targ0.6_cl_size5_r_size5targ0.7_cl_size5_r_size5targ0.8_cl_size5_r_size5targ0.9_cl_size5_r_size5",113.811183182043,95.1892851112981,1.19563019145455,9163.7578444068
"232",1,1.5,0.7,20,"targ0.6_cl_size5_r_size5targ0.7_cl_size5_r_size5targ0.8_cl_size5_r_size5targ0.9_cl_size5_r_size5",95.254833995939,85.9069263796581,1.10881436468776,4668.98690169476
"233",1,2,0.7,20,"targ0.6_cl_size5_r_size5targ0.7_cl_size5_r_size5targ0.8_cl_size5_r_size5targ0.9_cl_size5_r_size5",109.568542494924,91.4166286842826,1.19856249428461,6334.3990821887
"234",1,4,0.7,20,"targ0.6_cl_size5_r_size5targ0.7_cl_size5_r_size5targ0.8_cl_size5_r_size5targ0.9_cl_size5_r_size5",106.183766184074,85.146931829632,1.24706508975019,7685.62991002866
"235",1,1.5,0.8,20,"targ0.6_cl_size5_r_size5targ0.7_cl_size5_r_size5targ0.8_cl_size5_r_size5targ0.9_cl_size5_r_size5",NA,NA,NA,NA
"236",1,2,0.8,20,"targ0.6_cl_size5_r_size5targ0.7_cl_size5_r_size5targ0.8_cl_size5_r_size5targ0.9_cl_size5_r_size5",77.7401153701776,65.8027355054484,1.18141160505008,4717.97755674663
"237",1,4,0.8,20,"targ0.6_cl_size5_r_size5targ0.7_cl_size5_r_size5targ0.8_cl_size5_r_size5targ0.9_cl_size5_r_size5",105.568542494924,79.7558775263617,1.32364592766258,10086.4273103733
"238",1,1.5,0.9,20,"targ0.6_cl_size5_r_size5targ0.7_cl_size5_r_size5targ0.8_cl_size5_r_size5targ0.9_cl_size5_r_size5",79.8406204335659,73.824115301167,1.0814978291017,3397.02115934999
"239",1,2,0.9,20,"targ0.6_cl_size5_r_size5targ0.7_cl_size5_r_size5targ0.8_cl_size5_r_size5targ0.9_cl_size5_r_size5",112.811183182043,100.239712689133,1.12541407148579,11689.7359227851
"240",1,4,0.9,20,"targ0.6_cl_size5_r_size5targ0.7_cl_size5_r_size5targ0.8_cl_size5_r_size5targ0.9_cl_size5_r_size5",122.225396744416,104.019228991567,1.1750269438579,15035.599720065
